Perter,Carga de trabajo 12,Carga de trabajo 23,Carga de trabajo 33,Carga de trabajo 43,Carga de trabajo 51,Carga de trabajo 59,Carga de trabajo 71,Carga de trabajo 77,Carga de trabajo 83,Carga de trabajo 87,Carga de trabajo 91,Carga de trabajo 758,max Carga de trabajo 12,Max carga de trabajo 23,Max carga de trabajo 33,Max carga de trabajo 43,Max carga de trabajo 51,Max carga de trabajo 59,Max carga de trabajo 71,Max carga de trabajo 77,Max carga de trabajo 83,Max carga de trabajo 87,Max carga de trabajo 91,Max carga de trabajo 758,cumsum carga de trabajo 12,cumsum carga de trabajo 23,cumsum carga de trabajo 33,cumsum carga de trabajo 43,cumsum carga de trabajo 51,cumsum carga de trabajo 59,cumsum carga de trabajo 71,cumsum carga de trabajo 77,cumsum carga de trabajo 83,cumsum carga de trabajo 87,cumsum carga de trabajo 91,cumsum carga de trabajo 758,casos,prom cum carga de trabajo 12,prom cum carga de trabajo 23,prom cum carga de trabajo 33,prom cum carga de trabajo 43,prom cum carga de trabajo 51,prom cum carga de trabajo 59,prom cum carga de trabajo 71,prom cum carga de trabajo 77,prom cum carga de trabajo 83,prom cum carga de trabajo 87,prom cum carga de trabajo 91,prom cum carga de trabajo 758
dic-03,396,352,342,358,319,301,298,347,348,262,345,,396,352,342,358,319,301,298,347,348,262,345,0,396,352,342,358,319,301,298,347,348,262,345,0,1,396,352,342,358,319,301,298,347,348,262,345,0
ene-04,392,286,372,369,305,294,295,317,353,250,300,,396,352,372,369,319,301,298,347,353,262,345,0,792,638,714,727,624,595,593,664,701,512,645,0,2,396,319,357,363.5,312,297.5,296.5,332,350.5,256,322.5,0
feb-04,404,316,378,383,318,303,308,342,367,301,339,,404,352,378,383,319,303,308,347,367,301,345,0,1196,954,1092,1110,942,898,901,1006,1068,813,984,0,3,398.6666667,318,364,370,314,299.3333333,300.3333333,335.3333333,356,271,328,0
mar-04,433,349,391,384,358,338,344,368,382,313,359,,433,352,391,384,358,338,344,368,382,313,359,0,1629,1303,1483,1494,1300,1236,1245,1374,1450,1126,1343,0,4,407.25,325.75,370.75,373.5,325,309,311.25,343.5,362.5,281.5,335.75,0
abr-04,415,337,368,365,329,314,322,359,357,311,351,,433,352,391,384,358,338,344,368,382,313,359,0,2062,1640,1851,1859,1629,1550,1567,1733,1807,1437,1694,0,5,412.4,328,370.2,371.8,325.8,310,313.4,346.6,361.4,287.4,338.8,0
may-04,416,354,371,376,336,331,333,375,366,313,340,,433,354,391,384,358,338,344,375,382,313,359,0,2495,1994,2222,2235,1965,1881,1900,2108,2173,1750,2034,0,6,415.8333333,332.3333333,370.3333333,372.5,327.5,313.5,316.6666667,351.3333333,362.1666667,291.6666667,339,0
jun-04,419,372,400,400,346,345,370,387,382,333,366,,433,372,400,400,358,345,370,387,382,333,366,0,2928,2366,2622,2635,2311,2226,2270,2495,2555,2083,2400,0,7,418.2857143,338,374.5714286,376.4285714,330.1428571,318,324.2857143,356.4285714,365,297.5714286,342.8571429,0
jul-04,381,325,355,362,299,301,311,340,321,311,323,,433,372,400,400,358,345,370,387,382,333,366,0,3361,2691,2977,2997,2610,2527,2581,2835,2876,2394,2723,0,8,420.125,336.375,372.125,374.625,326.25,315.875,322.625,354.375,359.5,299.25,340.375,0
ago-04,392,341,390,430,309,332,332,354,333,364,352,,433,372,400,430,358,345,370,387,382,364,366,0,3794,3032,3367,3427,2919,2859,2913,3189,3209,2758,3075,0,9,421.5555556,336.8888889,374.1111111,380.7777778,324.3333333,317.6666667,323.6666667,354.3333333,356.5555556,306.4444444,341.6666667,0
sep-04,398,336,385,400,333,337,348,347,314,331,371,,433,372,400,430,358,345,370,387,382,364,371,0,4227,3368,3752,3827,3252,3196,3261,3536,3523,3089,3446,0,10,422.7,336.8,375.2,382.7,325.2,319.6,326.1,353.6,352.3,308.9,344.6,0
oct-04,433,359,391,405,348,359,361,378,353,356,389,,433,372,400,430,358,359,370,387,382,364,389,0,4660,3727,4143,4232,3600,3555,3622,3914,3876,3445,3835,0,11,423.6363636,338.8181818,376.6363636,384.7272727,327.2727273,323.1818182,329.2727273,355.8181818,352.3636364,313.1818182,348.6363636,0
nov-04,431,370,405,412,335,376,379,388,353,355,390,,433,372,405,430,358,376,379,388,382,364,390,0,5093,4097,4548,4644,3935,3931,4001,4302,4229,3800,4225,0,12,424.4166667,341.4166667,379,387,327.9166667,327.5833333,333.4166667,358.5,352.4166667,316.6666667,352.0833333,0
dic-04,397,346,389,367,304,314,356,354,346,333,324,,433,372,405,430,358,376,379,388,382,364,390,0,5526,4443,4937,5011,4239,4245,4357,4656,4575,4133,4549,0,13,425.0769231,341.7692308,379.7692308,385.4615385,326.0769231,326.5384615,335.1538462,358.1538462,351.9230769,317.9230769,349.9230769,0
ene-05,417,339,391,393,298,328,345,361,339,320,314,,433,372,405,430,358,376,379,388,382,364,390,0,5959,4782,5328,5404,4537,4573,4702,5017,4914,4453,4863,0,14,425.6428571,341.5714286,380.5714286,386,324.0714286,326.6428571,335.8571429,358.3571429,351,318.0714286,347.3571429,0
feb-05,439,367,416,398,322,348,351,371,373,340,353,,439,372,416,430,358,376,379,388,382,364,390,0,6398,5149,5744,5802,4859,4921,5053,5388,5287,4793,5216,0,15,426.5333333,343.2666667,382.9333333,386.8,323.9333333,328.0666667,336.8666667,359.2,352.4666667,319.5333333,347.7333333,0
mar-05,418,372,415,411,344,374,383,359,370,339,366,,439,372,416,430,358,376,383,388,382,364,390,0,6837,5521,6159,6213,5203,5295,5436,5747,5657,5132,5582,0,16,427.3125,345.0625,384.9375,388.3125,325.1875,330.9375,339.75,359.1875,353.5625,320.75,348.875,0
abr-05,402,385,427,425,350,413,389,371,368,361,358,,439,385,427,430,358,413,389,388,382,364,390,0,7276,5906,6586,6638,5553,5708,5825,6118,6025,5493,5940,0,17,428,347.4117647,387.4117647,390.4705882,326.6470588,335.7647059,342.6470588,359.8823529,354.4117647,323.1176471,349.4117647,0
may-05,407,390,428,432,353,404,366,391,376,349,368,,439,390,428,432,358,413,389,391,382,364,390,0,7715,6296,7014,7070,5906,6112,6191,6509,6401,5842,6308,0,18,428.6111111,349.7777778,389.6666667,392.7777778,328.1111111,339.5555556,343.9444444,361.6111111,355.6111111,324.5555556,350.4444444,0
jun-05,436,410,433,422,365,421,381,385,388,371,383,,439,410,433,432,365,421,389,391,388,371,390,0,8154,6706,7447,7492,6271,6533,6572,6894,6789,6213,6691,0,19,429.1578947,352.9473684,391.9473684,394.3157895,330.0526316,343.8421053,345.8947368,362.8421053,357.3157895,327,352.1578947,0
jul-05,388,353,385,380,319,392,331,342,357,332,315,,439,410,433,432,365,421,389,391,388,371,390,0,8593,7059,7832,7872,6590,6925,6903,7236,7146,6545,7006,0,20,429.65,352.95,391.6,393.6,329.5,346.25,345.15,361.8,357.3,327.25,350.3,0
ago-05,415,371,419,441,346,393,355,363,393,360,321,284,439,410,433,441,365,421,389,391,393,371,390,284,9032,7430,8251,8313,6936,7318,7258,7599,7539,6905,7327,284,21,430.0952381,353.8095238,392.9047619,395.8571429,330.2857143,348.4761905,345.6190476,361.8571429,359,328.8095238,348.9047619,13.52380952
sep-05,413,395,390,404,320,392,360,354,372,354,323,288,439,410,433,441,365,421,389,391,393,371,390,288,9471,7825,8641,8717,7256,7710,7618,7953,7911,7259,7650,572,22,430.5,355.6818182,392.7727273,396.2272727,329.8181818,350.4545455,346.2727273,361.5,359.5909091,329.9545455,347.7272727,26
oct-05,419,401,379,415,320,387,368,383,378,374,331,309,439,410,433,441,365,421,389,391,393,374,390,309,9910,8226,9020,9132,7576,8097,7986,8336,8289,7633,7981,881,23,430.8695652,357.6521739,392.173913,397.0434783,329.3913043,352.0434783,347.2173913,362.4347826,360.3913043,331.8695652,347,38.30434783
nov-05,389,388,383,403,303,384,350,376,375,367,337,337,439,410,433,441,365,421,389,391,393,374,390,337,10349,8614,9403,9535,7879,8481,8336,8712,8664,8000,8318,1218,24,431.2083333,358.9166667,391.7916667,397.2916667,328.2916667,353.375,347.3333333,363,361,333.3333333,346.5833333,50.75
dic-05,359,366,366,375,294,378,336,360,352,372,292,318,439,410,433,441,365,421,389,391,393,374,390,337,10788,8980,9769,9910,8173,8859,8672,9072,9016,8372,8610,1536,25,431.52,359.2,390.76,396.4,326.92,354.36,346.88,362.88,360.64,334.88,344.4,61.44
ene-06,391,349,404,382,316,385,363,364,354,400,300,332,439,410,433,441,365,421,389,391,393,400,390,337,11227,9329,10173,10292,8489,9244,9035,9436,9370,8772,8910,1868,26,431.8076923,358.8076923,391.2692308,395.8461538,326.5,355.5384615,347.5,362.9230769,360.3846154,337.3846154,342.6923077,71.84615385
feb-06,387,367,385,384,320,363,355,366,358,365,317,340,439,410,433,441,365,421,389,391,393,400,390,340,11666,9696,10558,10676,8809,9607,9390,9802,9728,9137,9227,2208,27,432.0740741,359.1111111,391.037037,395.4074074,326.2592593,355.8148148,347.7777778,363.037037,360.2962963,338.4074074,341.7407407,81.77777778
mar-06,393,404,403,373,372,387,352,362,389,416,339,362,439,410,433,441,372,421,389,391,393,416,390,362,12105,10100,10961,11049,9181,9994,9742,10164,10117,9553,9566,2570,28,432.3214286,360.7142857,391.4642857,394.6071429,327.8928571,356.9285714,347.9285714,363,361.3214286,341.1785714,341.6428571,91.78571429
abr-06,346,347,351,351,343,335,328,338,342,371,284,338,439,410,433,441,372,421,389,391,393,416,390,362,12544,10447,11312,11400,9524,10329,10070,10502,10459,9924,9850,2908,29,432.5517241,360.2413793,390.0689655,393.1034483,328.4137931,356.1724138,347.2413793,362.137931,360.6551724,342.2068966,339.6551724,100.2758621
may-06,368,366,369,374,352,364,346,376,359,385,320,369,439,410,433,441,372,421,389,391,393,416,390,369,12983,10813,11681,11774,9876,10693,10416,10878,10818,10309,10170,3277,30,432.7666667,360.4333333,389.3666667,392.4666667,329.2,356.4333333,347.2,362.6,360.6,343.6333333,339,109.2333333
jun-06,373,384,386,397,401,381,371,385,382,390,344,380,439,410,433,441,401,421,389,391,393,416,390,380,13422,11197,12067,12171,10277,11074,10787,11263,11200,10699,10514,3657,31,432.9677419,361.1935484,389.2580645,392.6129032,331.516129,357.2258065,347.9677419,363.3225806,361.2903226,345.1290323,339.1612903,117.9677419
jul-06,338,311,339,371,334,347,342,354,339,392,291,366,439,410,433,441,401,421,389,391,393,416,390,380,13861,11508,12406,12542,10611,11421,11129,11617,11539,11091,10805,4023,32,433.15625,359.625,387.6875,391.9375,331.59375,356.90625,347.78125,363.03125,360.59375,346.59375,337.65625,125.71875
ago-06,379,351,375,436,379,357,350,361,351,363,297,354,439,410,433,441,401,421,389,391,393,416,390,380,14300,11859,12781,12978,10990,11778,11479,11978,11890,11454,11102,4377,33,433.3333333,359.3636364,387.3030303,393.2727273,333.030303,356.9090909,347.8484848,362.969697,360.3030303,347.0909091,336.4242424,132.6363636
sep-06,388,349,350,397,388,369,347,371,366,384,312,380,439,410,433,441,401,421,389,391,393,416,390,380,14739,12208,13131,13375,11378,12147,11826,12349,12256,11838,11414,4757,34,433.5,359.0588235,386.2058824,393.3823529,334.6470588,357.2647059,347.8235294,363.2058824,360.4705882,348.1764706,335.7058824,139.9117647
oct-06,399,368,358,372,408,384,367,404,376,392,324,395,439,410,433,441,408,421,389,404,393,416,390,395,15178,12576,13489,13747,11786,12531,12193,12753,12632,12230,11738,5152,35,433.6571429,359.3142857,385.4,392.7714286,336.7428571,358.0285714,348.3714286,364.3714286,360.9142857,349.4285714,335.3714286,147.2
nov-06,342,344,330,367,387,360,345,365,355,332,304,362,439,410,433,441,408,421,389,404,393,416,390,395,15617,12920,13819,14114,12173,12891,12538,13118,12987,12562,12042,5514,36,433.8055556,358.8888889,383.8611111,392.0555556,338.1388889,358.0833333,348.2777778,364.3888889,360.75,348.9444444,334.5,153.1666667
dic-06,316,316,317,345,360,341,323,363,343,308,287,340,439,410,433,441,408,421,389,404,393,416,390,395,16056,13236,14136,14459,12533,13232,12861,13481,13330,12870,12329,5854,37,433.9459459,357.7297297,382.0540541,390.7837838,338.7297297,357.6216216,347.5945946,364.3513514,360.2702703,347.8378378,333.2162162,158.2162162
ene-07,351,318,349,385,401,376,332,386,366,325,293,356,439,410,433,441,408,421,389,404,393,416,390,395,16495,13554,14485,14844,12934,13608,13193,13867,13696,13195,12622,6210,38,434.0789474,356.6842105,381.1842105,390.6315789,340.3684211,358.1052632,347.1842105,364.9210526,360.4210526,347.2368421,332.1578947,163.4210526
feb-07,360,344,365,400,378,360,338,400,360,320,313,398,439,410,433,441,408,421,389,404,393,416,390,398,16934,13898,14850,15244,13312,13968,13531,14267,14056,13515,12935,6608,39,434.2051282,356.3589744,380.7692308,390.8717949,341.3333333,358.1538462,346.9487179,365.8205128,360.4102564,346.5384615,331.6666667,169.4358974
mar-07,386,389,360,386,398,371,352,428,381,336,326,433,439,410,433,441,408,421,389,428,393,416,390,433,17373,14287,15210,15630,13710,14339,13883,14695,14437,13851,13261,7041,40,434.325,357.175,380.25,390.75,342.75,358.475,347.075,367.375,360.925,346.275,331.525,176.025
abr-07,391,364,302,378,397,369,350,416,364,340,320,426,439,410,433,441,408,421,389,428,393,416,390,433,17812,14651,15512,16008,14107,14708,14233,15111,14801,14191,13581,7467,41,434.4390244,357.3414634,378.3414634,390.4390244,344.0731707,358.7317073,347.1463415,368.5609756,361,346.1219512,331.2439024,182.1219512
may-07,419,381,342,410,439,389,386,471,397,371,356,438,439,410,433,441,439,421,389,471,397,416,390,438,18251,15032,15854,16418,14546,15097,14619,15582,15198,14562,13937,7905,42,434.547619,357.9047619,377.4761905,390.9047619,346.3333333,359.452381,348.0714286,371,361.8571429,346.7142857,331.8333333,188.2142857
jun-07,421,394,348,415,441,395,406,486,402,379,346,475,439,410,433,441,441,421,406,486,402,416,390,475,18690,15426,16202,16833,14987,15492,15025,16068,15600,14941,14283,8380,43,434.6511628,358.744186,376.7906977,391.4651163,348.5348837,360.2790698,349.4186047,373.6744186,362.7906977,347.4651163,332.1627907,194.8837209
jul-07,363,331,333,363,408,367,365,457,385,348,292,444,439,410,433,441,441,421,406,486,402,416,390,475,19129,15757,16535,17196,15395,15859,15390,16525,15985,15289,14575,8824,44,434.75,358.1136364,375.7954545,390.8181818,349.8863636,360.4318182,349.7727273,375.5681818,363.2954545,347.4772727,331.25,200.5454545
ago-07,394,362,347,393,435,379,389,464,400,352,318,458,439,410,433,441,441,421,406,486,402,416,390,475,19568,16119,16882,17589,15830,16238,15779,16989,16385,15641,14893,9282,45,434.8444444,358.2,375.1555556,390.8666667,351.7777778,360.8444444,350.6444444,377.5333333,364.1111111,347.5777778,330.9555556,206.2666667
sep-07,430,370,366,403,449,385,365,478,404,354,319,442,439,410,433,441,449,421,406,486,404,416,390,475,20007,16489,17248,17992,16279,16623,16144,17467,16789,15995,15212,9724,46,434.9347826,358.4565217,374.9565217,391.1304348,353.8913043,361.3695652,350.9565217,379.7173913,364.9782609,347.7173913,330.6956522,211.3913043
oct-07,447,404,383,425,448,415,392,521,427,393,346,458,447,410,433,441,449,421,406,521,427,416,390,475,20454,16893,17631,18417,16727,17038,16536,17988,17216,16388,15558,10182,47,435.1914894,359.4255319,375.1276596,391.8510638,355.893617,362.5106383,351.8297872,382.7234043,366.2978723,348.6808511,331.0212766,216.6382979
nov-07,443,407,366,438,459,430,399,500,437,380,339,456,447,410,433,441,459,430,406,521,437,416,390,475,20901,17300,17997,18855,17186,17468,16935,18488,17653,16768,15897,10638,48,435.4375,360.4166667,374.9375,392.8125,358.0416667,363.9166667,352.8125,385.1666667,367.7708333,349.3333333,331.1875,221.625
dic-07,423,399,381,463,462,443,384,519,455,383,339,465,447,410,433,463,462,443,406,521,455,416,390,475,21348,17699,18378,19318,17648,17911,17319,19007,18108,17151,16236,11103,49,435.6734694,361.2040816,375.0612245,394.244898,360.1632653,365.5306122,353.4489796,387.8979592,369.5510204,350.0204082,331.3469388,226.5918367
ene-08,455,375,387,506,469,481,384,527,471,425,311,464,455,410,433,506,469,481,406,527,471,425,390,475,21803,18074,18765,19824,18117,18392,17703,19534,18579,17576,16547,11567,50,436.06,361.48,375.3,396.48,362.34,367.84,354.06,390.68,371.58,351.52,330.94,231.34
feb-08,466,400,380,498,445,501,384,529,476,405,319,498,466,410,433,506,469,501,406,529,476,425,390,498,22269,18474,19145,20322,18562,18893,18087,20063,19055,17981,16866,12065,51,436.6470588,362.2352941,375.3921569,398.4705882,363.9607843,370.4509804,354.6470588,393.3921569,373.627451,352.5686275,330.7058824,236.5686275
mar-08,436,400,384,462,414,487,401,519,471,357,318,498,466,410,433,506,469,501,406,529,476,425,390,498,22735,18874,19529,20784,18976,19380,18488,20582,19526,18338,17184,12563,52,437.2115385,362.9615385,375.5576923,399.6923077,364.9230769,372.6923077,355.5384615,395.8076923,375.5,352.6538462,330.4615385,241.5961538
abr-08,478,435,426,509,416,507,444,531,514,399,339,550,478,435,433,509,469,507,444,531,514,425,390,550,23213,19309,19955,21293,19392,19887,18932,21113,20040,18737,17523,13113,53,437.9811321,364.3207547,376.509434,401.754717,365.8867925,375.2264151,357.2075472,398.3584906,378.1132075,353.5283019,330.6226415,247.4150943
may-08,481,431,455,515,420,489,439,521,513,382,332,537,481,435,455,515,469,507,444,531,514,425,390,550,23694,19740,20410,21808,19812,20376,19371,21634,20553,19119,17855,13650,54,438.7777778,365.5555556,377.962963,403.8518519,366.8888889,377.3333333,358.7222222,400.6296296,380.6111111,354.0555556,330.6481481,252.7777778
jun-08,516,428,474,541,446,488,462,543,512,396,329,542,516,435,474,541,469,507,462,543,514,425,390,550,24210,20168,20884,22349,20258,20864,19833,22177,21065,19515,18184,14192,55,440.1818182,366.6909091,379.7090909,406.3454545,368.3272727,379.3454545,360.6,403.2181818,383,354.8181818,330.6181818,258.0363636
jul-08,489,399,409,486,422,417,428,518,479,393,336,518,516,435,474,541,469,507,462,543,514,425,390,550,24726,20567,21293,22835,20680,21281,20261,22695,21544,19908,18520,14710,56,441.5357143,367.2678571,380.2321429,407.7678571,369.2857143,380.0178571,361.8035714,405.2678571,384.7142857,355.5,330.7142857,262.6785714
ago-08,504,409,408,449,436,421,399,501,487,378,331,508,516,435,474,541,469,507,462,543,514,425,390,550,25242,20976,21701,23284,21116,21702,20660,23196,22031,20286,18851,15218,57,442.8421053,368,380.7192982,408.4912281,370.4561404,380.7368421,362.4561404,406.9473684,386.5087719,355.8947368,330.7192982,266.9824561
sep-08,536,430,427,511,467,413,407,540,494,399,358,500,536,435,474,541,469,507,462,543,514,425,390,550,25778,21406,22128,23795,21583,22115,21067,23736,22525,20685,19209,15718,58,444.4482759,369.0689655,381.5172414,410.2586207,372.1206897,381.2931034,363.2241379,409.2413793,388.362069,356.637931,331.1896552,271
oct-08,536,426,434,502,463,420,439,514,510,404,366,550,536,435,474,541,469,507,462,543,514,425,390,550,26314,21832,22562,24297,22046,22535,21506,24250,23035,21089,19575,16268,59,446,370.0338983,382.4067797,411.8135593,373.6610169,381.9491525,364.5084746,411.0169492,390.4237288,357.440678,331.779661,275.7288136
nov-08,507,406,418,481,468,401,427,495,505,420,358,554,536,435,474,541,469,507,462,543,514,425,390,554,26850,22238,22980,24778,22514,22936,21933,24745,23540,21509,19933,16822,60,447.5,370.6333333,383,412.9666667,375.2333333,382.2666667,365.55,412.4166667,392.3333333,358.4833333,332.2166667,280.3666667
dic-08,475,383,397,467,432,371,421,475,499,412,334,529,536,435,474,541,469,507,462,543,514,425,390,554,27386,22621,23377,25245,22946,23307,22354,25220,24039,21921,20267,17351,61,448.9508197,370.8360656,383.2295082,413.852459,376.1639344,382.0819672,366.4590164,413.442623,394.0819672,359.3606557,332.2459016,284.442623
ene-09,464,371,389,486,443,321,430,469,457,408,322,534,536,435,474,541,469,507,462,543,514,425,390,554,27922,22992,23766,25731,23389,23628,22784,25689,24496,22329,20589,17885,62,450.3548387,370.8387097,383.3225806,415.016129,377.2419355,381.0967742,367.483871,414.3387097,395.0967742,360.1451613,332.0806452,288.4677419
feb-09,472,407,419,450,479,324,405,482,471,391,338,547,536,435,474,541,479,507,462,543,514,425,390,554,28458,23399,24185,26181,23868,23952,23189,26171,24967,22720,20927,18432,63,451.7142857,371.4126984,383.8888889,415.5714286,378.8571429,380.1904762,368.0793651,415.4126984,396.3015873,360.6349206,332.1746032,292.5714286
mar-09,514,431,459,505,495,350,429,509,520,428,375,580,536,435,474,541,495,507,462,543,520,428,390,580,28994,23830,24644,26686,24363,24302,23618,26680,25487,23148,21302,19012,64,453.03125,372.34375,385.0625,416.96875,380.671875,379.71875,369.03125,416.875,398.234375,361.6875,332.84375,297.0625
abr-09,467,388,430,477,416,324,401,455,488,369,328,563,536,435,474,541,495,507,462,543,520,428,390,580,29530,24218,25074,27163,24779,24626,24019,27135,25975,23517,21630,19575,65,454.3076923,372.5846154,385.7538462,417.8923077,381.2153846,378.8615385,369.5230769,417.4615385,399.6153846,361.8,332.7692308,301.1538462
may-09,507,405,425,486,440,340,422,467,499,396,374,584,536,435,474,541,495,507,462,543,520,428,390,584,30066,24623,25499,27649,25219,24966,24441,27602,26474,23913,22004,20159,66,455.5454545,373.0757576,386.3484848,418.9242424,382.1060606,378.2727273,370.3181818,418.2121212,401.1212121,362.3181818,333.3939394,305.4393939
jun-09,539,425,448,522,465,374,457,504,538,426,381,622,539,435,474,541,495,507,462,543,538,428,390,622,30605,25048,25947,28171,25684,25340,24898,28106,27012,24339,22385,20781,67,456.7910448,373.8507463,387.2686567,420.4626866,383.3432836,378.2089552,371.6119403,419.4925373,403.1641791,363.2686567,334.1044776,310.1641791
jul-09,505,392,409,503,471,342,473,486,569,429,349,592,539,435,474,541,495,507,473,543,569,429,390,622,31144,25440,26356,28674,26155,25682,25371,28592,27581,24768,22734,21373,68,458,374.1176471,387.5882353,421.6764706,384.6323529,377.6764706,373.1029412,420.4705882,405.6029412,364.2352941,334.3235294,314.3088235
ago-09,530,387,392,505,488,348,469,478,526,443,334,550,539,435,474,541,495,507,473,543,569,443,390,622,31683,25827,26748,29179,26643,26030,25840,29070,28107,25211,23068,21923,69,459.173913,374.3043478,387.6521739,422.884058,386.1304348,377.2463768,374.4927536,421.3043478,407.3478261,365.3768116,334.3188406,317.7246377
sep-09,535,404,379,530,518,359,447,516,557,440,361,542,539,435,474,541,518,507,473,543,569,443,390,622,32222,26231,27127,29709,27161,26389,26287,29586,28664,25651,23429,22465,70,460.3142857,374.7285714,387.5285714,424.4142857,388.0142857,376.9857143,375.5285714,422.6571429,409.4857143,366.4428571,334.7,320.9285714
oct-09,564,424,423,540,542,405,467,542,599,508,399,574,564,435,474,541,542,507,473,543,599,508,399,622,32786,26655,27550,30249,27703,26794,26754,30128,29263,26159,23828,23039,71,461.7746479,375.4225352,388.028169,426.0422535,390.1830986,377.3802817,376.8169014,424.3380282,412.1549296,368.4366197,335.6056338,324.4929577
nov-09,545,412,406,515,490,394,464,516,586,471,384,561,564,435,474,541,542,507,473,543,599,508,399,622,33350,27067,27956,30764,28193,27188,27218,30644,29849,26630,24212,23600,72,463.1944444,375.9305556,388.2777778,427.2777778,391.5694444,377.6111111,378.0277778,425.6111111,414.5694444,369.8611111,336.2777778,327.7777778
dic-09,482,415,403,509,476,375,421,507,575,457,386,554,564,435,474,541,542,507,473,543,599,508,399,622,33914,27482,28359,31273,28669,27563,27639,31151,30424,27087,24598,24154,73,464.5753425,376.4657534,388.4794521,428.3972603,392.7260274,377.5753425,378.6164384,426.7260274,416.7671233,371.0547945,336.9589041,330.8767123
ene-10,507,397,439,548,499,400,470,534,612,479,386,595,564,435,474,548,542,507,473,543,612,508,399,622,34478,27879,28798,31821,29168,27963,28109,31685,31036,27566,24984,24749,74,465.9189189,376.7432432,389.1621622,430.0135135,394.1621622,377.8783784,379.8513514,428.1756757,419.4054054,372.5135135,337.6216216,334.4459459
feb-10,540,429,454,542,510,414,475,547,609,479,401,618,564,435,474,548,542,507,475,547,612,508,401,622,35042,28308,29252,32363,29678,28377,28584,32232,31645,28045,25385,25367,75,467.2266667,377.44,390.0266667,431.5066667,395.7066667,378.36,381.12,429.76,421.9333333,373.9333333,338.4666667,338.2266667
mar-10,581,478,487,596,525,484,529,584,647,507,451,658,581,478,487,596,542,507,529,584,647,508,451,658,33088,28786,29739,32959,30203,28861,29113,32816,32292,28552,25836,26025,76,435.3684211,378.7631579,391.3026316,433.6710526,397.4078947,379.75,383.0657895,431.7894737,424.8947368,375.6842105,339.9473684,342.4342105
abr-10,554,455,497,644,502,475,531,557,628,504,427,666,581,478,497,644,542,507,531,584,647,508,451,666,33642,29241,30236,33603,30705,29336,29644,33373,32920,29056,26263,26691,77,436.9090909,379.7532468,392.6753247,436.4025974,398.7662338,380.987013,384.987013,433.4155844,427.5324675,377.3506494,341.0779221,346.6363636
may-10,597,479,505,631,558,508,567,598,675,546,460,696,597,479,505,644,558,508,567,598,675,546,460,696,34239,29720,30741,34234,31263,29844,30211,33971,33595,29602,26723,27387,78,438.9615385,381.025641,394.1153846,438.8974359,400.8076923,382.6153846,387.3205128,435.525641,430.7051282,379.5128205,342.6025641,351.1153846
jun-10,627,498,554,576,591,556,591,631,727,565,475,707,627,498,554,644,591,556,591,631,727,565,475,707,34866,30218,31295,34810,31854,30400,30802,34602,34322,30167,27198,28094,79,441.3417722,382.5063291,396.1392405,440.6329114,403.2151899,384.8101266,389.8987342,438,434.4556962,381.8607595,344.278481,355.6202532
jul-10,541,465,488,584,571,560,514,598,695,530,420,686,627,498,554,644,591,560,591,631,727,565,475,707,35407,30683,31783,35394,32425,30960,31316,35200,35017,30697,27618,28780,80,442.5875,383.5375,397.2875,442.425,405.3125,387,391.45,440,437.7125,383.7125,345.225,359.75
ago-10,576,483,505,595,594,616,525,637,686,505,421,676,627,498,554,644,594,616,591,637,727,565,475,707,35983,31166,32288,35989,33019,31576,31841,35837,35703,31202,28039,29456,81,444.2345679,384.7654321,398.617284,444.308642,407.6419753,389.8271605,393.0987654,442.4320988,440.7777778,385.2098765,346.1604938,363.654321
sep-10,628,491,549,683,626,655,565,673,672,542,461,677,628,498,554,683,626,655,591,673,727,565,475,707,36611,31657,32837,36672,33645,32231,32406,36510,36375,31744,28500,30133,82,446.4756098,386.0609756,400.4512195,447.2195122,410.304878,393.0609756,395.195122,445.2439024,443.597561,387.1219512,347.5609756,367.4756098
oct-10,633,514,568,740,642,667,586,699,715,556,483,732,633,514,568,740,642,667,591,699,727,565,483,732,37244,32171,33405,37412,34287,32898,32992,37209,37090,32300,28983,30865,83,448.7228916,387.6024096,402.4698795,450.746988,413.0963855,396.3614458,397.4939759,448.3012048,446.8674699,389.1566265,349.1927711,371.8674699
nov-10,623,506,570,724,642,676,590,669,728,560,497,757,633,514,570,740,642,676,591,699,728,565,497,757,37867,32677,33975,38136,34929,33574,33582,37878,37818,32860,29480,31622,84,450.797619,389.0119048,404.4642857,454,415.8214286,399.6904762,399.7857143,450.9285714,450.2142857,391.1904762,350.952381,376.452381
dic-10,620,486,534,712,627,644,549,656,731,521,467,737,633,514,570,740,642,676,591,699,731,565,497,757,38487,33163,34509,38848,35556,34218,34131,38534,38549,33381,29947,32359,85,452.7882353,390.1529412,405.9882353,457.0352941,418.3058824,402.5647059,401.5411765,453.3411765,453.5176471,392.7176471,352.3176471,380.6941176
ene-11,630,476,528,724,666,662,570,681,754,514,459,746,633,514,570,740,666,676,591,699,754,565,497,757,39117,33639,35037,39572,36222,34880,34701,39215,39303,33895,30406,33105,86,454.8488372,391.1511628,407.4069767,460.1395349,421.1860465,405.5813953,403.5,455.9883721,457.0116279,394.127907,353.5581395,384.9418605
feb-11,670,514,553,759,694,681,592,698,748,550,477,779,670,514,570,759,694,681,592,699,754,565,497,779,39787,34153,35590,40331,36916,35561,35293,39913,40051,34445,30883,33884,87,457.3218391,392.5632184,409.0804598,463.5747126,424.3218391,408.7471264,405.6666667,458.7701149,460.3563218,395.9195402,354.9770115,389.4712644
mar-11,704,524,588,745,694,713,591,722,766,571,484,794,704,524,588,759,694,713,592,722,766,571,497,794,40491,34677,36178,41076,37610,36274,35884,40635,40817,35016,31367,34678,88,460.125,394.0568182,411.1136364,466.7727273,427.3863636,412.2045455,407.7727273,461.7613636,463.8295455,397.9090909,356.4431818,394.0681818
abr-11,673,501,582,742,684,693,583,704,758,551,471,761,704,524,588,759,694,713,592,722,766,571,497,794,41164,35178,36760,41818,38294,36967,36467,41339,41575,35567,31838,35439,89,462.5168539,395.258427,413.0337079,469.8651685,430.2696629,415.3595506,409.741573,464.4831461,467.1348315,399.6292135,357.7303371,398.1910112
may-11,725,532,610,754,705,725,601,742,790,591,497,804,725,532,610,759,705,725,601,742,790,591,497,804,41889,35710,37370,42572,38999,37692,37068,42081,42365,36158,32335,36243,90,465.4333333,396.7777778,415.2222222,473.0222222,433.3222222,418.8,411.8666667,467.5666667,470.7222222,401.7555556,359.2777778,402.7
jun-11,714,542,636,797,722,780,630,805,804,627,517,838,725,542,636,797,722,780,630,805,804,627,517,838,42603,36252,38006,43369,39721,38472,37698,42886,43169,36785,32852,37081,91,468.1648352,398.3736264,417.6483516,476.5824176,436.4945055,422.7692308,414.2637363,471.2747253,474.3846154,404.2307692,361.010989,407.4835165
jul-11,663,482,601,735,662,777,624,749,795,593,481,798,725,542,636,797,722,780,630,805,804,627,517,838,43266,36734,38607,44104,40383,39249,38322,43635,43964,37378,33333,37879,92,470.2826087,399.2826087,419.6413043,479.3913043,438.9456522,426.6195652,416.5434783,474.2934783,477.8695652,406.2826087,362.3152174,411.7282609
ago-11,733,539,625,761,706,847,673,775,829,573,524,857,733,542,636,797,722,847,673,805,829,627,524,857,43999,37273,39232,44865,41089,40096,38995,44410,44793,37951,33857,38736,93,473.1075269,400.7849462,421.8494624,482.4193548,441.8172043,431.1397849,419.3010753,477.5268817,481.6451613,408.0752688,364.0537634,416.516129
sep-11,717,587,622,821,723,780,674,785,869,598,539,858,733,587,636,821,723,847,674,805,869,627,539,858,44716,37860,39854,45686,41812,40876,39669,45195,45662,38549,34396,39594,94,475.7021277,402.7659574,423.9787234,486.0212766,444.8085106,434.8510638,422.0106383,480.7978723,485.7659574,410.0957447,365.9148936,421.212766
oct-11,760,622,644,826,772,794,709,804,914,637,574,914,760,622,644,826,772,847,709,805,914,637,574,914,45476,38482,40498,46512,42584,41670,40378,45999,46576,39186,34970,40508,95,478.6947368,405.0736842,426.2947368,489.6,448.2526316,438.6315789,425.0315789,484.2,490.2736842,412.4842105,368.1052632,426.4
nov-11,739,550,619,818,755,795,701,797,901,606,551,921,760,622,644,826,772,847,709,805,914,637,574,921,46215,39032,41117,47330,43339,42465,41079,46796,47477,39792,35521,41429,96,481.40625,406.5833333,428.3020833,493.0208333,451.4479167,442.34375,427.90625,487.4583333,494.5520833,414.5,370.0104167,431.5520833
dic-11,707,497,595,791,712,759,693,797,893,560,529,886,760,622,644,826,772,847,709,805,914,637,574,921,46922,39529,41712,48121,44051,43224,41772,47593,48370,40352,36050,42315,97,483.7319588,407.5154639,430.0206186,496.0927835,454.1340206,445.6082474,430.6391753,490.6494845,498.6597938,416,371.6494845,436.2371134
ene-12,724,524,636,778,757,811,735,835,898,547,502,925,760,622,644,826,772,847,735,835,914,637,574,925,47646,40053,42348,48899,44808,44035,42507,48428,49268,40899,36552,43240,98,486.1836735,408.7040816,432.122449,498.9693878,457.2244898,449.3367347,433.744898,494.1632653,502.7346939,417.3367347,372.9795918,441.2244898
feb-12,748,560,626,786,798,819,775,842,895,585,547,955,760,622,644,826,798,847,775,842,914,637,574,955,48394,40613,42974,49685,45606,44854,43282,49270,50163,41484,37099,44195,99,488.8282828,410.2323232,434.0808081,501.8686869,460.6666667,453.0707071,437.1919192,497.6767677,506.6969697,419.030303,374.7373737,446.4141414
mar-12,753,588,638,791,774,810,802,842,899,597,593,986,760,622,644,826,798,847,802,842,914,637,593,986,49147,41201,43612,50476,46380,45664,44084,50112,51062,42081,37692,45181,100,491.47,412.01,436.12,504.76,463.8,456.64,440.84,501.12,510.62,420.81,376.92,451.81
abr-12,690,583,616,762,695,775,758,821,847,551,569,937,760,622,644,826,798,847,802,842,914,637,593,986,49837,41784,44228,51238,47075,46439,44842,50933,51909,42632,38261,46118,101,493.4356436,413.7029703,437.9009901,507.3069307,466.0891089,459.7920792,443.980198,504.2871287,513.950495,422.0990099,378.8217822,456.6138614
may-12,710,616,640,795,731,830,806,857,898,568,631,983,760,622,644,826,798,847,806,857,914,637,631,986,50547,42400,44868,52033,47806,47269,45648,51790,52807,43200,38892,47101,102,495.5588235,415.6862745,439.8823529,510.127451,468.6862745,463.4215686,447.5294118,507.745098,517.7156863,423.5294118,381.2941176,461.7745098
jun-12,715,621,651,790,680,852,769,907,889,575,632,994,760,622,651,826,798,852,806,907,914,637,632,994,51262,43021,45519,52823,48486,48121,46417,52697,53696,43775,39524,48095,103,497.6893204,417.6796117,441.9320388,512.8446602,470.7378641,467.1941748,450.6504854,511.6213592,521.3203883,425,383.7281553,466.9417476
jul-12,708,594,623,791,640,824,756,889,906,533,615,985,760,622,651,826,798,852,806,907,914,637,632,994,51970,43615,46142,53614,49126,48945,47173,53586,54602,44308,40139,49080,104,499.7115385,419.375,443.6730769,515.5192308,472.3653846,470.625,453.5865385,515.25,525.0192308,426.0384615,385.9519231,471.9230769
ago-12,805,658,711,812,660,896,806,929,961,571,651,1076,805,658,711,826,798,896,806,929,961,637,651,1076,52775,44273,46853,54426,49786,49841,47979,54515,55563,44879,40790,50156,105,502.6190476,421.647619,446.2190476,518.3428571,474.152381,474.6761905,456.9428571,519.1904762,529.1714286,427.4190476,388.4761905,477.6761905
sep-12,782,625,718,821,663,871,825,917,923,557,631,1077,805,658,718,826,798,896,825,929,961,637,651,1077,53557,44898,47571,55247,50449,50712,48804,55432,56486,45436,41421,51233,106,505.254717,423.5660377,448.7830189,521.1981132,475.9339623,478.4150943,460.4150943,522.9433962,532.8867925,428.6415094,390.7641509,483.3301887
oct-12,902,752,826,917,780,972,941,1025,1040,693,790,1187,902,752,826,917,798,972,941,1025,1040,693,790,1187,54459,45650,48397,56164,51229,51684,49745,56457,57526,46129,42211,52420,107,508.9626168,426.635514,452.3084112,524.8971963,478.7757009,483.0280374,464.9065421,527.635514,537.6261682,431.1121495,394.4953271,489.9065421
nov-12,850,689,730,865,755,934,873,958,997,688,702,1155,902,752,826,917,798,972,941,1025,1040,693,790,1187,55309,46339,49127,57029,51984,52618,50618,57415,58523,46817,42913,53575,108,512.1203704,429.0648148,454.8796296,528.0462963,481.3333333,487.2037037,468.6851852,531.6203704,541.8796296,433.4907407,397.3425926,496.0648148
dic-12,817,669,686,860,739,943,862,940,962,688,712,1126,902,752,826,917,798,972,941,1025,1040,693,790,1187,56126,47008,49813,57889,52723,53561,51480,58355,59485,47505,43625,54701,109,514.9174312,431.266055,457,531.0917431,483.6972477,491.3853211,472.293578,535.3669725,545.733945,435.8256881,400.2293578,501.8440367
ene-13,800,627,637,847,714,950,861,944,960,711,620,1124,902,752,826,917,798,972,941,1025,1040,711,790,1187,56926,47635,50450,58736,53437,54511,52341,59299,60445,48216,44245,55825,110,517.5090909,433.0454545,458.6363636,533.9636364,485.7909091,495.5545455,475.8272727,539.0818182,549.5,438.3272727,402.2272727,507.5
feb-13,799,646,587,861,711,952,858,933,922,723,646,1066,902,752,826,917,798,972,941,1025,1040,723,790,1187,57725,48281,51037,59597,54148,55463,53199,60232,61367,48939,44891,56891,111,520.045045,434.963964,459.7927928,536.9099099,487.8198198,499.6666667,479.2702703,542.6306306,552.8558559,440.8918919,404.4234234,512.5315315
mar-13,749,593,542,852,691,916,782,888,889,692,591,1012,902,752,826,917,798,972,941,1025,1040,723,790,1187,58474,48874,51579,60449,54839,56379,53981,61120,62256,49631,45482,57903,112,522.0892857,436.375,460.5267857,539.7232143,489.6339286,503.3839286,481.9732143,545.7142857,555.8571429,443.1339286,406.0892857,516.9910714
abr-13,763,614,585,857,731,952,746,914,949,729,629,1026,902,752,826,917,798,972,941,1025,1040,729,790,1187,59237,49488,52164,61306,55570,57331,54727,62034,63205,50360,46111,58929,113,524.2212389,437.9469027,461.6283186,542.5309735,491.7699115,507.3539823,484.3097345,548.9734513,559.3362832,445.6637168,408.0619469,521.4955752
may-13,715,599,556,805,735,941,736,911,958,718,620,986,902,752,826,917,798,972,941,1025,1040,729,790,1187,59952,50087,52720,62111,56305,58272,55463,62945,64163,51078,46731,59915,114,525.8947368,439.3596491,462.4561404,544.8333333,493.9035088,511.1578947,486.5175439,552.1491228,562.8333333,448.0526316,409.9210526,525.5701754
jun-13,701,580,558,752,764,955,716,920,951,725,600,945,902,752,826,917,798,972,941,1025,1040,729,790,1187,60653,50667,53278,62863,57069,59227,56179,63865,65114,51803,47331,60860,115,527.4173913,440.5826087,463.2869565,546.6347826,496.2521739,515.0173913,488.5130435,555.3478261,566.2086957,450.4608696,411.573913,529.2173913
jul-13,637,552,501,749,718,962,709,910,927,722,581,890,902,752,826,917,798,972,941,1025,1040,729,790,1187,61290,51219,53779,63612,57787,60189,56888,64775,66041,52525,47912,61750,116,528.362069,441.5431034,463.612069,548.3793103,498.1637931,518.8706897,490.4137931,558.4051724,569.3189655,452.8017241,413.0344828,532.3275862
ago-13,633,492,464,679,705,971,666,844,893,693,527,851,902,752,826,917,798,972,941,1025,1040,729,790,1187,61923,51711,54243,64291,58492,61160,57554,65619,66934,53218,48439,62601,117,529.2564103,441.974359,463.6153846,549.4957265,499.9316239,522.7350427,491.9145299,560.8461538,572.0854701,454.8547009,414.008547,535.0512821
sep-13,705,568,490,723,760,968,727,880,944,764,587,904,902,752,826,917,798,972,941,1025,1040,764,790,1187,62628,52279,54733,65014,59252,62128,58281,66499,67878,53982,49026,63505,118,530.7457627,443.0423729,463.8389831,550.9661017,502.1355932,526.5084746,493.9067797,563.5508475,575.2372881,457.4745763,415.4745763,538.1779661
oct-13,710,579,525,737,751,956,766,868,965,769,582,918,902,752,826,917,798,972,941,1025,1040,769,790,1187,63338,52858,55258,65751,60003,63084,59047,67367,68843,54751,49608,64423,119,532.2521008,444.1848739,464.3529412,552.5294118,504.2268908,530.1176471,496.1932773,566.1092437,578.512605,460.092437,416.8739496,541.3697479
nov-13,667,574,484,683,709,906,711,815,907,715,567,910,902,752,826,917,798,972,941,1025,1040,769,790,1187,64005,53432,55742,66434,60712,63990,59758,68182,69750,55466,50175,65333,120,533.375,445.2666667,464.5166667,553.6166667,505.9333333,533.25,497.9833333,568.1833333,581.25,462.2166667,418.125,544.4416667
dic-13,661,562,455,658,654,867,666,751,842,652,516,859,902,752,826,917,798,972,941,1025,1040,769,790,1187,64666,53994,56197,67092,61366,64857,60424,68933,70592,56118,50691,66192,121,534.4297521,446.231405,464.4380165,554.4793388,507.1570248,536.0082645,499.3719008,569.6942149,583.4049587,463.785124,418.9338843,547.0413223
ene-14,716,609,473,699,712,931,716,778,904,700,536,914,902,752,826,917,798,972,941,1025,1040,769,790,1187,65382,54603,56670,67791,62078,65788,61140,69711,71496,56818,51227,67106,122,535.9180328,447.5655738,464.5081967,555.6639344,508.8360656,539.2459016,501.147541,571.4016393,586.0327869,465.7213115,419.8934426,550.0491803
feb-14,702,636,530,692,686,934,762,826,892,712,588,954,902,752,826,917,798,972,941,1025,1040,769,790,1187,66084,55239,57200,68483,62764,66722,61902,70537,72388,57530,51815,68060,123,537.2682927,449.097561,465.0406504,556.7723577,510.2764228,542.4552846,503.2682927,573.4715447,588.5203252,467.7235772,421.2601626,553.3333333
mar-14,757,651,533,708,733,955,777,828,877,721,607,986,902,752,826,917,798,972,941,1025,1040,769,790,1187,66841,55890,57733,69191,63497,67677,62679,71365,73265,58251,52422,69046,124,539.0403226,450.7258065,465.5887097,557.9919355,512.0725806,545.7822581,505.4758065,575.5241935,590.8467742,469.766129,422.7580645,556.8225806
abr-14,757,651,511,677,747,978,768,805,893,702,604,975,902,752,826,917,798,978,941,1025,1040,769,790,1187,67598,56541,58244,69868,64244,68655,63447,72170,74158,58953,53026,70021,125,540.784,452.328,465.952,558.944,513.952,549.24,507.576,577.36,593.264,471.624,424.208,560.168
may-14,759,631,499,673,781,983,756,813,909,717,600,963,902,752,826,917,798,983,941,1025,1040,769,790,1187,68357,57172,58743,70541,65025,69638,64203,72983,75067,59670,53626,70984,126,542.515873,453.7460317,466.2142857,559.8492063,516.0714286,552.6825397,509.547619,579.2301587,595.7698413,473.5714286,425.6031746,563.3650794
jun-14,788,586,491,666,808,984,747,797,907,707,584,974,902,752,826,917,808,984,941,1025,1040,769,790,1187,69145,57758,59234,71207,65833,70622,64950,73780,75974,60377,54210,71958,127,544.4488189,454.7874016,466.4094488,560.6850394,518.3700787,556.0787402,511.4173228,580.9448819,598.2204724,475.4094488,426.8503937,566.5984252
jul-14,768,558,461,626,774,968,729,770,895,658,563,916,902,752,826,917,808,984,941,1025,1040,769,790,1187,69913,58316,59695,71833,66607,71590,65679,74550,76869,61035,54773,72874,128,546.1953125,455.59375,466.3671875,561.1953125,520.3671875,559.296875,513.1171875,582.421875,600.5390625,476.8359375,427.9140625,569.328125
ago-14,711,536,412,584,750,1010,730,760,868,685,521,902,902,752,826,917,808,1010,941,1025,1040,769,790,1187,70624,58852,60107,72417,67357,72600,66409,75310,77737,61720,55294,73776,129,547.4728682,456.2170543,465.9457364,561.372093,522.1472868,562.7906977,514.7984496,583.7984496,602.6124031,478.4496124,428.6356589,571.9069767
sep-14,770,597,469,626,765,1015,754,797,833,654,581,915,902,752,826,917,808,1015,941,1025,1040,769,790,1187,71394,59449,60576,73043,68122,73615,67163,76107,78570,62374,55875,74691,130,549.1846154,457.3,465.9692308,561.8692308,524.0153846,566.2692308,516.6384615,585.4384615,604.3846154,479.8,429.8076923,574.5461538
oct-14,774,646,474,651,792,1010,749,781,862,687,607,943,902,752,826,917,808,1015,941,1025,1040,769,790,1187,72168,60095,61050,73694,68914,74625,67912,76888,79432,63061,56482,75634,131,550.9007634,458.740458,466.0305344,562.5496183,526.0610687,569.6564885,518.4122137,586.9312977,606.351145,481.3816794,431.1603053,577.3587786
nov-14,748,639,456,646,785,988,741,776,847,703,607,945,902,752,826,917,808,1015,941,1025,1040,769,790,1187,72916,60734,61506,74340,69699,75613,68653,77664,80279,63764,57089,76579,132,552.3939394,460.1060606,465.9545455,563.1818182,528.0227273,572.8257576,520.0984848,588.3636364,608.1742424,483.0606061,432.4924242,580.1439394
dic-14,731,626,457,639,791,1006,721,783,831,695,602,936,902,752,826,917,808,1015,941,1025,1040,769,790,1187,73647,61360,61963,74979,70490,76619,69374,78447,81110,64459,57691,77515,133,553.7368421,461.3533835,465.887218,563.7518797,530,576.0827068,521.6090226,589.8270677,609.8496241,484.6541353,433.7669173,582.8195489
ene-15,739,612,444,634,803,1041,719,779,868,612,577,934,902,752,826,917,808,1041,941,1025,1040,769,790,1187,74386,61972,62407,75613,71293,77660,70093,79226,81978,65071,58268,78449,134,555.119403,462.4776119,465.7238806,564.2761194,532.0373134,579.5522388,523.0820896,591.238806,611.7761194,485.6044776,434.8358209,585.4402985
feb-15,759,626,490,616,842,1081,761,794,836,661,619,941,902,752,826,917,842,1081,941,1025,1040,769,790,1187,75145,62598,62897,76229,72135,78741,70854,80020,82814,65732,58887,79390,135,556.6296296,463.6888889,465.9037037,564.6592593,534.3333333,583.2666667,524.8444444,592.7407407,613.437037,486.9037037,436.2,588.0740741
mar-15,705,553,433,583,801,1018,732,748,771,652,614,905,902,752,826,917,842,1081,941,1025,1040,769,790,1187,75850,63151,63330,76812,72936,79759,71586,80768,83585,66384,59501,80295,136,557.7205882,464.3455882,465.6617647,564.7941176,536.2941176,586.4632353,526.3676471,593.8823529,614.5955882,488.1176471,437.5073529,590.4044118
abr-15,686,515,422,560,799,967,713,746,750,645,596,854,902,752,826,917,842,1081,941,1025,1040,769,790,1187,76536,63666,63752,77372,73735,80726,72299,81514,84335,67029,60097,81149,137,558.6569343,464.7153285,465.3430657,564.7591241,538.2116788,589.2408759,527.729927,594.9927007,615.5839416,489.2627737,438.6642336,592.3284672
may-15,676,519,443,560,754,973,727,734,743,660,585,826,902,752,826,917,842,1081,941,1025,1040,769,790,1187,77212,64185,64195,77932,74489,81699,73026,82248,85078,67689,60682,81975,138,559.5072464,465.1086957,465.1811594,564.7246377,539.7753623,592.0217391,529.173913,596,616.5072464,490.5,439.7246377,594.0217391
jun-15,712,552,473,602,745,1022,775,759,754,697,609,841,902,752,826,917,842,1081,941,1025,1040,769,790,1187,77924,64737,64668,78534,75234,82721,73801,83007,85832,68386,61291,82816,139,560.6043165,465.7338129,465.2374101,564.9928058,541.2517986,595.1151079,530.942446,597.1726619,617.4964029,491.9856115,440.942446,595.7985612
jul-15,663,534,451,550,704,1033,758,721,717,648,591,775,902,752,826,917,842,1081,941,1025,1040,769,790,1187,78587,65271,65119,79084,75938,83754,74559,83728,86549,69034,61882,83591,140,561.3357143,466.2214286,465.1357143,564.8857143,542.4142857,598.2428571,532.5642857,598.0571429,618.2071429,493.1,442.0142857,597.0785714
ago-15,650,513,441,586,703,1097,711,737,687,650,570,771,902,752,826,917,842,1097,941,1025,1040,769,790,1187,79237,65784,65560,79670,76641,84851,75270,84465,87236,69684,62452,84362,141,561.964539,466.5531915,464.964539,565.035461,543.5531915,601.7801418,533.8297872,599.0425532,618.6950355,494.212766,442.9219858,598.3120567
sep-15,655,543,476,585,769,1070,760,733,692,641,598,789,902,752,826,917,842,1097,941,1025,1040,769,790,1187,79892,66327,66036,80255,77410,85921,76030,85198,87928,70325,63050,85151,142,562.6197183,467.0915493,465.0422535,565.1760563,545.1408451,605.0774648,535.4225352,599.9859155,619.2112676,495.2464789,444.0140845,599.6549296
oct-15,642,601,504,612,802,1088,732,743,726,643,569,799,902,752,826,917,842,1097,941,1025,1040,769,790,1187,80534,66928,66540,80867,78212,87009,76762,85941,88654,70968,63619,85950,143,563.1748252,468.027972,465.3146853,565.5034965,546.9370629,608.4545455,536.7972028,600.986014,619.958042,496.2797203,444.8881119,601.048951
nov-15,606,566,470,578,796,1038,711,706,689,607,540,809,902,752,826,917,842,1097,941,1025,1040,769,790,1187,81140,67494,67010,81445,79008,88047,77473,86647,89343,71575,64159,86759,144,563.4722222,468.7083333,465.3472222,565.5902778,548.6666667,611.4375,538.0069444,601.7152778,620.4375,497.0486111,445.5486111,602.4930556
dic-15,626,574,488,604,819,996,770,701,684,640,534,799,902,752,826,917,842,1097,941,1025,1040,769,790,1187,81766,68068,67498,82049,79827,89043,78243,87348,90027,72215,64693,87558,145,563.9034483,469.4344828,465.5034483,565.8551724,550.5310345,614.0896552,539.6068966,602.4,620.8758621,498.0344828,446.1586207,603.8482759
ene-16,614,556,415,587,789,958,745,663,676,613,488,805,902,752,826,917,842,1097,941,1025,1040,769,790,1187,82380,68624,67913,82636,80616,90001,78988,88011,90703,72828,65181,88363,146,564.2465753,470.0273973,465.1575342,566,552.1643836,616.4452055,541.0136986,602.8150685,621.2534247,498.8219178,446.4452055,605.2260274
feb-16,644,592,474,609,855,982,771,679,664,651,516,835,902,752,826,917,855,1097,941,1025,1040,769,790,1187,83024,69216,68387,83245,81471,90983,79759,88690,91367,73479,65697,89198,147,564.7891156,470.8571429,465.2176871,566.292517,554.2244898,618.9319728,542.5782313,603.3333333,621.5442177,499.8571429,446.9183673,606.7891156
mar-16,650,608,482,598,847,939,723,658,655,666,497,853,902,752,826,917,855,1097,941,1025,1040,769,790,1187,83674,69824,68869,83843,82318,91922,80482,89348,92022,74145,66194,90051,148,565.3648649,471.7837838,465.3310811,566.5067568,556.2027027,621.0945946,543.7972973,603.7027027,621.7702703,500.9797297,447.2567568,608.4527027
abr-16,659,630,511,597,861,954,706,661,668,695,487,877,902,752,826,917,861,1097,941,1025,1040,769,790,1187,84333,70454,69380,84440,83179,92876,81188,90009,92690,74840,66681,90928,149,565.9932886,472.8456376,465.6375839,566.7114094,558.2483221,623.3288591,544.885906,604.0872483,622.0805369,502.2818792,447.5234899,610.2550336
may-16,662,627,511,610,807,933,697,655,666,703,513,870,902,752,826,917,861,1097,941,1025,1040,769,790,1187,84995,71081,69891,85050,83986,93809,81885,90664,93356,75543,67194,91798,150,566.6333333,473.8733333,465.94,567,559.9066667,625.3933333,545.9,604.4266667,622.3733333,503.62,447.96,611.9866667
jun-16,672,664,550,637,807,916,640,606,679,716,541,880,902,752,826,917,861,1097,941,1025,1040,769,790,1187,85667,71745,70441,85687,84793,94725,82525,91270,94035,76259,67735,92678,151,567.3311258,475.1324503,466.4966887,567.4635762,561.5430464,627.3178808,546.5231788,604.4370861,622.7483444,505.0264901,448.5761589,613.7615894
jul-16,665,636,490,601,764,846,589,583,613,687,511,871,902,752,826,917,861,1097,941,1025,1040,769,790,1187,86332,72381,70931,86288,85557,95571,83114,91853,94648,76946,68246,93549,152,567.9736842,476.1907895,466.6513158,567.6842105,562.875,628.7565789,546.8026316,604.2960526,622.6842105,506.2236842,448.9868421,615.4539474
ago-16,727,677,485,675,791,883,585,608,670,692,509,864,902,752,826,917,861,1097,941,1025,1040,769,790,1187,87059,73058,71416,86963,86348,96454,83699,92461,95318,77638,68755,94413,153,569.0130719,477.503268,466.7712418,568.3856209,564.3660131,630.4183007,547.0522876,604.3202614,622.9934641,507.4379085,449.379085,617.0784314
sep-16,738,709,520,590,831,878,607,634,656,689,540,886,902,752,826,917,861,1097,941,1025,1040,769,790,1187,87797,73767,71936,87553,87179,97332,84306,93095,95974,78327,69295,95299,154,570.1103896,479.0064935,467.1168831,568.525974,566.0974026,632.025974,547.4415584,604.512987,623.2077922,508.6168831,449.9675325,618.8246753
oct-16,742,747,526,631,848,870,601,642,680,733,557,916,902,752,826,917,861,1097,941,1025,1040,769,790,1187,88539,74514,72462,88184,88027,98202,84907,93737,96654,79060,69852,96215,155,571.2193548,480.7354839,467.4967742,568.9290323,567.916129,633.5612903,547.7870968,604.7548387,623.5741935,510.0645161,450.6580645,620.7419355
nov-16,761,706,553,637,843,837,605,636,665,726,574,904,902,752,826,917,861,1097,941,1025,1040,769,790,1187,89300,75220,73015,88821,88870,99039,85512,94373,97319,79786,70426,97119,156,572.4358974,482.1794872,468.0448718,569.3653846,569.6794872,634.8653846,548.1538462,604.9551282,623.8397436,511.4487179,451.4487179,622.5576923
dic-16,730,676,526,624,849,829,585,624,659,665,568,900,902,752,826,917,861,1097,941,1025,1040,769,790,1187,90030,75896,73541,89445,89719,99868,86097,94997,97978,80451,70994,98019,157,573.4394904,483.4140127,468.4140127,569.7133758,571.4585987,636.1019108,548.388535,605.0764331,624.0636943,512.4267516,452.1910828,624.3248408
ene-17,687,608,463,600,825,808,532,589,617,607,441,873,902,752,826,917,861,1097,941,1025,1040,769,790,1187,90717,76504,74004,90045,90544,100676,86629,95586,98595,81058,71435,98892,158,574.1582278,484.2025316,468.3797468,569.9050633,573.0632911,637.1898734,548.2848101,604.9746835,624.0189873,513.0253165,452.1202532,625.8987342
feb-17,697,624,475,618,827,783,535,624,610,592,459,893,902,752,826,917,861,1097,941,1025,1040,769,790,1187,91414,77128,74479,90663,91371,101459,87164,96210,99205,81650,71894,99785,159,574.9308176,485.081761,468.4213836,570.2075472,574.6603774,638.1069182,548.2012579,605.0943396,623.9308176,513.5220126,452.163522,627.5786164
mar-17,738,636,510,606,885,858,540,649,637,615,482,899,902,752,826,917,885,1097,941,1025,1040,769,790,1187,92152,77764,74989,91269,92256,102317,87704,96859,99842,82265,72376,100684,160,575.95,486.025,468.68125,570.43125,576.6,639.48125,548.15,605.36875,624.0125,514.15625,452.35,629.275
abr-17,708,580,475,570,836,705,483,593,557,566,455,855,902,752,826,917,885,1097,941,1025,1040,769,790,1187,92860,78344,75464,91839,93092,103022,88187,97452,100399,82831,72831,101539,161,576.7701863,486.6086957,468.7204969,570.4285714,578.2111801,639.8881988,547.7453416,605.2919255,623.5962733,514.4782609,452.3664596,630.6770186
may-17,726,631,522,629,875,741,540,600,600,608,485,888,902,752,826,917,885,1097,941,1025,1040,769,790,1187,93586,78975,75986,92468,93967,103763,88727,98052,100999,83439,73316,102427,162,577.691358,487.5,469.0493827,570.7901235,580.0432099,640.5123457,547.6975309,605.2592593,623.4506173,515.0555556,452.5679012,632.2654321
jun-17,732,625,571,608,877,748,553,568,570,651,503,906,902,752,826,917,885,1097,941,1025,1040,769,790,1187,94318,79600,76557,93076,94844,104511,89280,98620,101569,84090,73819,103333,163,578.6380368,488.3435583,469.6748466,571.0184049,581.8650307,641.1717791,547.7300613,605.0306748,623.1226994,515.8895706,452.8773006,633.9447853
jul-17,667,564,490,548,768,711,491,493,508,594,447,830,902,752,826,917,885,1097,941,1025,1040,769,790,1187,94985,80164,77047,93624,95612,105222,89771,99113,102077,84684,74266,104163,164,579.1768293,488.804878,469.7987805,570.8780488,583,641.597561,547.3841463,604.347561,622.4207317,516.3658537,452.8414634,635.1402439
ago-17,733,584,488,596,790,775,520,553,532,641,475,863,902,752,826,917,885,1097,941,1025,1040,769,790,1187,95718,80748,77535,94220,96402,105997,90291,99666,102609,85325,74741,105026,165,580.1090909,489.3818182,469.9090909,571.030303,584.2545455,642.4060606,547.2181818,604.0363636,621.8727273,517.1212121,452.9757576,636.5212121
sep-17,671,538,481,530,746,743,454,545,480,597,424,805,902,752,826,917,885,1097,941,1025,1040,769,790,1187,96389,81286,78016,94750,97148,106740,90745,100211,103089,85922,75165,105831,166,580.6566265,489.6746988,469.9759036,570.7831325,585.2289157,643.0120482,546.6566265,603.6807229,621.0180723,517.6024096,452.8012048,637.5361446
oct-17,724,642,578,612,861,815,543,622,538,698,509,862,902,752,826,917,885,1097,941,1025,1040,769,790,1187,97113,81928,78594,95362,98009,107555,91288,100833,103627,86620,75674,106693,167,581.5149701,490.5868263,470.6227545,571.0299401,586.8802395,644.0419162,546.6347305,603.7904192,620.5209581,518.6826347,453.1377246,638.8802395
nov-17,738,704,612,668,948,867,579,707,562,761,566,917,902,752,826,917,948,1097,941,1025,1040,769,790,1187,97851,82632,79206,96030,98957,108422,91867,101540,104189,87381,76240,107610,168,582.4464286,491.8571429,471.4642857,571.6071429,589.0297619,645.3690476,546.827381,604.4047619,620.172619,520.125,453.8095238,640.5357143
dic-17,700,641,590,594,903,824,495,676,530,752,538,903,902,752,826,917,948,1097,941,1025,1040,769,790,1187,98551,83273,79796,96624,99860,109246,92362,102216,104719,88133,76778,108513,169,583.1420118,492.739645,472.1656805,571.739645,590.887574,646.4260355,546.5207101,604.8284024,619.6390533,521.4970414,454.3076923,642.0887574
ene-18,706,650,546,559,841,816,491,691,515,709,531,895,902,752,826,917,948,1097,941,1025,1040,769,790,1187,99257,83923,80342,97183,100701,110062,92853,102907,105234,88842,77309,109408,170,583.8647059,493.6647059,472.6,571.6647059,592.3588235,647.4235294,546.1941176,605.3352941,619.0235294,522.6,454.7588235,643.5764706
feb-18,705,653,551,575,756,838,502,660,524,722,530,932,902,752,826,917,948,1097,941,1025,1040,769,790,1187,99962,84576,80893,97758,101457,110900,93355,103567,105758,89564,77839,110340,171,584.5730994,494.5964912,473.0584795,571.6842105,593.3157895,648.5380117,545.9356725,605.6549708,618.4678363,523.7660819,455.1988304,645.2631579
mar-18,714,649,546,516,738,766,472,687,505,725,532,935,902,752,826,917,948,1097,941,1025,1040,769,790,1187,100676,85225,81439,98274,102195,111666,93827,104254,106263,90289,78371,111275,172,585.3255814,495.494186,473.4825581,571.3604651,594.1569767,649.2209302,545.505814,606.127907,617.8081395,524.9360465,455.6453488,646.9476744
abr-18,729,675,567,561,768,766,514,723,538,788,557,964,902,752,826,917,948,1097,941,1025,1040,788,790,1187,101405,85900,82006,98835,102963,112432,94341,104977,106801,91077,78928,112239,173,586.1560694,496.5317919,474.0231214,571.300578,595.1618497,649.8959538,545.3236994,606.8034682,617.3468208,526.4566474,456.2312139,648.7803468
may-18,751,657,577,559,736,755,500,672,532,779,565,947,902,752,826,917,948,1097,941,1025,1040,788,790,1187,102156,86557,82583,99394,103699,113187,94841,105649,107333,91856,79493,113186,174,587.1034483,497.454023,474.6149425,571.2298851,595.9712644,650.5,545.0632184,607.1781609,616.8563218,527.908046,456.8563218,650.4942529
jun-18,714,657,537,528,702,716,465,619,496,721,557,913,902,752,826,917,948,1097,941,1025,1040,788,790,1187,102870,87214,83120,99922,104401,113903,95306,106268,107829,92577,80050,114099,175,587.8285714,498.3657143,474.9714286,570.9828571,596.5771429,650.8742857,544.6057143,607.2457143,616.1657143,529.0114286,457.4285714,651.9942857
jul-18,706,603,499,502,627,670,425,587,464,690,513,871,902,752,826,917,948,1097,941,1025,1040,788,790,1187,103576,87817,83619,100424,105028,114573,95731,106855,108293,93267,80563,114970,176,588.5,498.9602273,475.1079545,570.5909091,596.75,650.9829545,543.9261364,607.1306818,615.3011364,529.9261364,457.7443182,653.2386364
ago-18,751,549,485,539,652,668,454,576,490,722,520,853,902,752,826,917,948,1097,941,1025,1040,788,790,1187,104327,88366,84104,100963,105680,115241,96185,107431,108783,93989,81083,115823,177,589.4180791,499.2429379,475.1638418,570.4124294,597.0621469,651.079096,543.4180791,606.9548023,614.5932203,531.0112994,458.0960452,654.3672316
sep-18,745,545,525,503,678,679,505,601,479,721,572,850,902,752,826,917,948,1097,941,1025,1040,788,790,1187,105072,88911,84629,101466,106358,115920,96690,108032,109262,94710,81655,116673,178,590.2921348,499.5,475.4438202,570.0337079,597.5168539,651.2359551,543.2022472,606.9213483,613.8314607,532.0786517,458.7359551,655.4662921
oct-18,767,577,536,544,709,715,531,636,535,736,598,901,902,752,826,917,948,1097,941,1025,1040,788,790,1187,105839,89488,85165,102010,107067,116635,97221,108668,109797,95446,82253,117574,179,591.2793296,499.9329609,475.7821229,569.8882682,598.1396648,651.5921788,543.1340782,607.0837989,613.3910615,533.2178771,459.5139665,656.8379888
nov-18,785,536,545,692,692,705,530,618,523,725,644,911,902,752,826,917,948,1097,941,1025,1040,788,790,1187,106624.1073,90024.00116,85710.45241,102701.6735,107758.9529,117339.513,97750.5588,109285.6206,110319.6287,96171.47614,82896.91333,118485.1479,180,592.3561518,500.1333398,476.16918,570.5648526,598.6608497,651.8861835,543.05866,607.1423365,612.8868262,534.2859785,460.5384074,658.2508219
dic-18,747,473,530,674,687,682,491,609,501,707,632,893,902,752,826,917,948,1097,941,1025,1040,788,790,1187,107371.2147,90497.00242,86240.59516,103375.4746,108446.404,118021.3329,98241.62044,109894.2317,110820.433,96878.62498,83528.42611,119378.0158,181,593.2111307,499.9834388,476.4673766,571.1352186,599.1514034,652.0515629,542.7713836,607.1504514,612.2675857,535.241022,461.4830172,659.5470485
ene-19,753,482,497,675,683,686,489,603,507,708,618,900,902,752,826,917,948,1097,941,1025,1040,788,790,1187,108124.322,90979.00375,86737.48607,104050.4051,109129.7121,118707.0822,98730.40706,110497.0095,111327.5506,97586.48256,84146.89607,120278.2437,182,594.0896812,499.884636,476.5795938,571.7055228,599.6138026,652.2367154,542.474764,607.1264261,611.6898384,536.1894646,462.3455828,660.8694709
feb-19,752,485,522,677,706,696,509,600,500,720,630,927,902,752,826,917,948,1097,941,1025,1040,788,790,1187,108876.4293,91464.00515,87259.96019,104727.8195,109835.4751,119402.9527,99239.37191,111096.8774,111827.6682,98306.14111,84776.68907,121205.4876,183,594.9531656,499.8033068,476.8303835,572.2831666,600.193853,652.4751512,542.2916498,607.086762,611.0801539,537.1920279,463.260596,662.325069
